{
    "items": 
        [
            {
                "name": "DE00tutorial_9",
                "tasks": [
                    {
                        "name" : "Task",
                        "width" : 1024,
                        "height" : 768
                    }
                ]
            },
            {
                "name": "DE05email_9",
                "tasks": [
                    {
                        "name" : "Task",
                        "width" : 1024,
                        "height" : 768
                    }
                ]
            },
            {
                "name": "DE04chain_9",
                "tasks": [
                    {
                        "name" : "Task",
                        "width" : 1024,
                        "height" : 768
                    }
                ]
            }
        ]
    ,
    "default": {
        "item" : "DE00tutorial_9",
        "task" : "Task"
    }
}
