{
    "typeIdentifier": "pciCbaIb",
    "label": "Itembuilder integration",
    "short": "Itembuilder integration",
    "description": "Itembuilder integration.",
    "version": "1.3.0",
    "author": "Felix Wagner",
    "email": "wagnerf@dipf.de",
    "tags": [],
    "response": {
        "cardinality": "record"
    },
    "runtime" : {
        "hook" : "./runtime/pciCbaIb.js",
        "libraries" : [
            "./runtime/js/jquery_2_1_1_amd.js",
            "./runtime/js/renderer.js",
            "./runtime/js/ajv.min.js",
            "./runtime/js/itemManager.js"
        ],
        "stylesheets" : [
            "./runtime/css/base.css",
            "./runtime/css/pciCbaIb.css"
        ],
        "mediaFiles" : [
            "./runtime/css/img/bg.png",
            "./runtime/assets/CBA/static/js/main.9_0_0.js",
            "./runtime/assets/CBA/static/css/main.9_0_0.css",
            "./runtime/assets/CBA/src/pages/configurationRetriever.js",
            "./runtime/assets/CBA/src/pages/controller.js",
            "./runtime/assets/CBA/src/pages/emulatorPage.js",
            "./runtime/assets/CBA/src/pages/taskPlayerReceiver.js",
            "./runtime/assets/CBA/src/pages/taskPlayerSender.js",
            "./runtime/assets/CBA/src/pages/emulatorPage.html",
            "./runtime/assets/CBA/src/pages/reactRuntime.html",
            
            "./runtime/assets/CBA/content/items/DE00tutorial_9/DE00tutorial_9.json",
            "./runtime/assets/CBA/content/items/DE00tutorial_9/resources/back_deactivated.png",
            "./runtime/assets/CBA/content/items/DE00tutorial_9/resources/back_mouseover.png",
            "./runtime/assets/CBA/content/items/DE00tutorial_9/resources/back_normal.png",
            "./runtime/assets/CBA/content/items/DE00tutorial_9/resources/back_pressed.png",
            "./runtime/assets/CBA/content/items/DE00tutorial_9/resources/ExitButton4_deactivated2.png",
            "./runtime/assets/CBA/content/items/DE00tutorial_9/resources/ExitButton4_mouseover2.png",
            "./runtime/assets/CBA/content/items/DE00tutorial_9/resources/ExitButton4_normal2.png",
            "./runtime/assets/CBA/content/items/DE00tutorial_9/resources/ExitButton4_normal2_ModalDialog.png",
            "./runtime/assets/CBA/content/items/DE00tutorial_9/resources/ExitButton4_pressed2.png",
            "./runtime/assets/CBA/content/items/DE00tutorial_9/resources/Finder.png",
            "./runtime/assets/CBA/content/items/DE00tutorial_9/resources/forward_deactivated.png",
            "./runtime/assets/CBA/content/items/DE00tutorial_9/resources/forward_mouseover.png",
            "./runtime/assets/CBA/content/items/DE00tutorial_9/resources/forward_normal.png",
            "./runtime/assets/CBA/content/items/DE00tutorial_9/resources/forward_pressed.png",   
            "./runtime/assets/CBA/content/items/DE00tutorial_9/resources/tutorial_1_ohneText.jpg",
            "./runtime/assets/CBA/content/items/DE00tutorial_9/resources/tutorial_2_ohneText.jpg",
            "./runtime/assets/CBA/content/items/DE00tutorial_9/resources/tutorial_3_ohneText.jpg",           

            "./runtime/assets/CBA/content/items/DE04chain_9/DE04chain_9.json",
            "./runtime/assets/CBA/content/items/DE04chain_9/resources/back_deactivated.png",
            "./runtime/assets/CBA/content/items/DE04chain_9/resources/back_mouseover.png",
            "./runtime/assets/CBA/content/items/DE04chain_9/resources/back_normal.png",
            "./runtime/assets/CBA/content/items/DE04chain_9/resources/back_pressed.png",
            "./runtime/assets/CBA/content/items/DE04chain_9/resources/ExitButton4_deactivated2.png",
            "./runtime/assets/CBA/content/items/DE04chain_9/resources/ExitButton4_mouseover2.png",
            "./runtime/assets/CBA/content/items/DE04chain_9/resources/ExitButton4_normal2.png",
            "./runtime/assets/CBA/content/items/DE04chain_9/resources/ExitButton4_pressed2.png",
            "./runtime/assets/CBA/content/items/DE04chain_9/resources/Finder.png",
            "./runtime/assets/CBA/content/items/DE04chain_9/resources/forward_deactivated.png",
            "./runtime/assets/CBA/content/items/DE04chain_9/resources/forward_mouseover.png",
            "./runtime/assets/CBA/content/items/DE04chain_9/resources/forward_normal.png",
            "./runtime/assets/CBA/content/items/DE04chain_9/resources/forward_pressed.png",
            "./runtime/assets/CBA/content/items/DE04chain_9/resources/item_12_1.jpg",
            "./runtime/assets/CBA/content/items/DE04chain_9/resources/item_12_1.jpg",
            "./runtime/assets/CBA/content/items/DE04chain_9/resources/item_12_1.jpg",           

            "./runtime/assets/CBA/content/items/DE05email_9/DE05email_9.json",
            "./runtime/assets/CBA/content/items/DE05email_9/resources/back_deactivated.png",
            "./runtime/assets/CBA/content/items/DE05email_9/resources/back_mouseover.png",
            "./runtime/assets/CBA/content/items/DE05email_9/resources/back_normal.png",
            "./runtime/assets/CBA/content/items/DE05email_9/resources/back_pressed.png",
            "./runtime/assets/CBA/content/items/DE05email_9/resources/ExitButton4_deactivated2.png",
            "./runtime/assets/CBA/content/items/DE05email_9/resources/ExitButton4_mouseover2.png",
            "./runtime/assets/CBA/content/items/DE05email_9/resources/ExitButton4_normal2.png",
            "./runtime/assets/CBA/content/items/DE05email_9/resources/ExitButton4_pressed2.png",
            "./runtime/assets/CBA/content/items/DE05email_9/resources/Finder.png",
            "./runtime/assets/CBA/content/items/DE05email_9/resources/forward_deactivated.png",
            "./runtime/assets/CBA/content/items/DE05email_9/resources/forward_mouseover.png",
            "./runtime/assets/CBA/content/items/DE05email_9/resources/forward_normal.png",
            "./runtime/assets/CBA/content/items/DE05email_9/resources/forward_pressed.png",
            "./runtime/assets/CBA/content/items/DE05email_9/resources/item_13_1.jpg",
            "./runtime/assets/CBA/content/items/DE05email_9/resources/item_13_2.jpg",
            "./runtime/assets/CBA/content/items/DE05email_9/resources/item_13_3.jpg",
            "./runtime/assets/CBA/content/items/DE05email_9/resources/item_13_4.jpg",
            "./runtime/assets/CBA/content/items/DE05email_9/resources/item_13_5.jpg"
        ]
    },
    "creator" : {
        "icon": "./creator/img/icon.svg",
        "hook": "./pciCreator.js",
        "libraries" : [
            "./creator/tpl/markup.tpl",
            "./creator/tpl/propertiesForm.tpl",
            "./creator/widget/Widget.js",
            "./creator/widget/states/Question.js",
            "./creator/widget/states/Answer.js",
            "./creator/widget/states/states.js",
            "./runtime/js/itemManager.js",
            "./runtime/js/ajv.min.js",
            "./confDefault.json",
            "./confSchema.json"
        ]
    }
}